ASIN,Title,Marketplace,Weight_kg,BB_avg,C_cost,m,fx_gbp_to_usd,AF,FC,SC,S_bundle,Qmin,Qmax_40,Qmax_30,Qmax_20,Qmax_15,Qmax_10,r_used,Quote_Q,Seller_ROI_%,Our_ROI_%,Margin_abs,Margin_%,Feasible,Reason
0076697940,Jujutsu Kaisen Series 10 Books Collection Manga Se,UK,1.77808064,89.99,39.11,0.0,1.3,15.3,3.5,0.5,19.3,43.021,0,0,55.69,58.95,62.51,0.4,44.98,40.0,15.01,5.87,15.01,True,
0114850003,Gold Rush Ranch Series 4 Books Collection Set By E,UK,1.0886208,32.99,16.13,0.0,1.3,5.61,3.5,0.5,9.61,17.743,0,0,17.88,19.08,20.38,0.2,17.88,20.01,10.85,1.75,10.85,True,
070234236X,The Deluxe Hunger Games Collection (a stunningly d,UK,1.50138952,37.02870967741936,21.08,0.0,1.3,6.29,3.5,0.5,10.29,23.188,0,0,20.57,21.91,23.37,0.1,23.37,10.01,10.86,2.29,10.86,True,
143914995X,Lessons of History,UK,0.0907184,6.730322580645161,0.75,0.0,1.3,1.14,3.0,0.5,4.64,0.825,0,0,0.97,1.21,1.48,0.2,0.9,21.49,20.0,0.15,20.0,True,
143914995X,The Lessons of History,US,0.0907184,9.066774193548387,0.75,0.0,1.3,1.54,4.25,7.8,13.59,0.825,0,0,-6.03,-5.71,-5.35,,0.825,-37.1,10.0,0.075,10.0,False,"No feasible quote. Even at 10% seller ROI, Qmax(10%)=-5.35 < Qmin=0.8250. Our 10% ROI floor is too high relative to market price."
1529032172,"Attached: Are you Anxious, Avoidant or Secure? How",UK,0.22226008,8.133666666666667,1.12,0.0,1.3,1.38,3.0,0.5,4.88,1.232,0,0,1.9,2.19,2.51,0.3,1.34,30.77,19.64,0.22,19.64,True,
1529032172,"Attached: Are you Anxious, Avoidant or Secure? How",US,0.22226008,15.635483870967741,1.12,0.0,1.3,2.66,4.25,7.8,14.71,1.232,0,0,-1.68,-1.11,-0.5,,1.232,-1.92,10.0,0.112,10.0,False,"No feasible quote. Even at 10% seller ROI, Qmax(10%)=-0.50 < Qmin=1.2320. Our 10% ROI floor is too high relative to market price."
1546103597,"One Piece Series (Volumes 91-109) Manga Set, by Ei",US,3.69223888,196.68032258064517,76.41,0.0,1.3,33.44,6.25,7.8,47.49,84.051,0,0,116.41,123.54,131.31,0.4,91.69,41.31,20.0,15.28,20.0,True,
1637995059,The Jujutsu Kaisen Series. 5 Books Collection Set.,US,0.89811216,55.95,20.23,0.0,1.3,9.51,4.25,7.8,21.56,22.253,0,0,25.07,27.09,29.3,0.2,24.28,22.05,20.02,4.05,20.02,True,
163799673X,"My Hero Academia, Vol. 31-40, Collection 10 Books ",US,1.65107488,107.4416129032258,38.21,0.0,1.3,18.27,4.95,7.8,31.02,42.031,0,0,58.51,62.41,66.65,0.4,45.72,40.01,19.65,7.51,19.65,True,
163799897X,"Dragon Ball Super Series Vol 1-22, 22 Books Collec",US,3.9916096,219.95,88.1,0.0,1.3,37.39,6.25,7.8,51.44,96.91,0,0,131.85,139.82,148.51,0.4,105.67,40.0,19.94,17.57,19.94,True,
2067955810,Gold Rush Ranch Series 4 Books Collection Set By E,US,1.0886208,43.64419354838709,16.13,0.0,1.3,7.42,4.95,7.8,20.17,17.743,0,0,16.2,17.78,19.51,0.15,17.78,15.0,10.23,1.65,10.23,True,
4027876040,Wings of Fire Series Book 5-8 By Tui T. Sutherland,UK,1.10222856,32.99,16.45,0.0,1.3,5.61,3.5,0.5,9.61,18.095,0,0,17.88,19.08,20.38,0.15,19.08,14.99,15.99,2.63,15.99,True,
409537263X,Dragon Force Series 2 Books Collection Set (Infini,UK,0.79832192,15.5,6.61,0.0,1.3,2.64,3.0,0.5,6.14,7.271,0,0,6.78,7.34,7.95,0.15,7.34,14.99,11.04,0.73,11.04,True,
5103973863,The Bad Guys 5 Books Collection Set By Aaron Blabe,UK,1.46056624,27.96,14.0,0.0,1.3,4.75,3.5,0.5,8.75,15.4,0,0,14.55,15.56,16.67,0.15,15.56,15.01,11.14,1.56,11.14,True,
9123464127,City of Ghosts Series Collection 3 Books Set By Vi,UK,0.64863656,20.209473684210526,10.31,0.0,1.3,3.44,3.0,0.5,6.94,11.341,0,0,9.9,10.63,11.43,0.1,11.43,10.01,10.86,1.12,10.86,True,
9123760915,Dragon Ball Super Series 1 To 5 Books Collection S,US,0.91625584,52.14258064516129,20.23,0.0,1.3,8.86,4.25,7.8,20.91,22.253,0,0,22.54,24.43,26.49,0.2,22.54,20.01,11.42,2.31,11.42,True,
9124086843,Hunger Games Trilogy Series 3 Books Collection Set,UK,1.46056624,25.859642857142855,10.96,0.0,1.3,4.4,3.5,0.5,8.4,12.056,0,0,13.15,14.09,15.11,0.2,13.15,20.0,19.98,2.19,19.98,True,
9124191604,"Colleen Hoover Collection 2 Books Set (Hopeless, L",UK,0.57606184,18.99,8.29,0.0,1.3,3.23,3.0,0.5,6.73,9.119,0,0,9.1,9.78,10.53,0.15,9.78,15.02,17.97,1.49,17.97,True,
9124221546,City of Ghosts Series 3 Books Collection Set By Vi,US,0.63956472,39.99,10.31,0.0,1.3,6.8,4.25,7.8,18.85,11.341,0,0,14.48,15.92,17.5,0.3,11.91,30.01,15.52,1.6,15.52,True,
9124229466,Jessie Inchauspe Collection 2 Books Set (Glucose R,UK,1.23830616,33.37,16.81,0.0,1.3,5.67,3.5,0.5,9.67,18.491,0,0,18.14,19.35,20.67,0.15,19.35,14.99,15.11,2.54,15.11,True,
9124231983,Jessie Inchauspe 2 Books Collection Set (Glucose G,US,1.22923432,54.986774193548385,16.81,0.0,1.3,9.35,4.95,7.8,22.1,18.491,0,0,23.72,25.71,27.89,0.3,20.17,30.08,19.99,3.36,19.99,True,
9124233684,Dragon Ball Super Series Vol 1-5 Books Collection ,UK,0.89811216,36.99,20.23,0.0,1.3,6.29,3.0,0.5,9.79,22.253,0,0,21.04,22.38,23.84,0.15,22.38,14.98,10.63,2.15,10.63,True,
912424788X,Demon Slayer Kimetsu Academy Volume 1-5 Books Coll,UK,0.84821704,43.70428571428572,20.23,0.0,1.3,7.43,3.0,0.5,10.93,22.253,0,0,25.49,27.07,28.8,0.3,22.69,29.99,12.16,2.46,12.16,True,
912434981X,Jujutsu Kaisen Series Vol (16-20) Collection 5 Boo,US,0.907184,57.18096774193548,20.23,0.0,1.3,9.72,4.25,7.8,21.77,22.253,0,0,25.88,27.95,30.21,0.2,24.28,24.17,20.02,4.05,20.02,True,
9124350893,Jujutsu Kaisen Series (Vol. 11-20) Collection 10 B,US,1.80983208,100.99,39.11,0.0,1.3,17.17,4.95,7.8,29.92,43.021,0,0,54.24,57.9,61.89,0.3,46.93,31.41,19.99,7.82,19.99,True,
9124357294,Dragon Force Series 2 Books Collection Set (Infini,US,0.453592,33.99,6.61,0.0,1.3,5.78,4.25,7.8,17.83,7.271,0,0,10.5,11.73,13.07,0.3,7.93,31.95,19.97,1.32,19.97,True,
9766704961,One-Punch Man Volume Collection 1-5 5 Books Bundle,UK,0.0680388,40.138214285714284,20.23,0.0,1.3,6.82,3.0,0.5,10.32,22.253,0,0,23.13,24.58,26.17,0.2,23.13,19.99,14.34,2.9,14.34,True,
9766704961,One-Punch Man Volume 1-5 Collection 5 Books Set (S,US,0.0680388,54.29870967741935,20.23,0.0,1.3,9.23,4.25,7.8,21.28,22.253,0,0,23.97,25.94,28.08,0.2,23.97,20.0,18.49,3.74,18.49,True,
B07XLKMWZT,One Piece Series: Oda Eiichiro Vol 91-103 Collecti,US,2.39042984,127.70161290322581,52.59,0.0,1.3,21.71,6.25,7.8,35.76,57.849,0,0,70.66,75.28,80.33,0.3,62.47,30.0,18.79,9.88,18.79,True,
B09B8C4W3L,"Jujutsu Kaisen Manga Set, Vol. 1-10",US,1.85065536,79.55774193548388,40.46,0.0,1.3,13.52,4.95,7.8,26.27,44.506,0,0,40.03,42.91,46.06,0.1,46.06,9.99,13.84,5.6,13.84,True,
B09KQJNLP2,Demon Slayer: Kimetsu no Yaiba Vol (16-23) 8 Book ,US,1.56035648,84.58032258064516,31.91,0.0,1.3,14.38,4.95,7.8,27.13,35.101,0,0,43.35,46.42,49.76,0.3,37.93,30.0,18.87,6.02,18.87,True,
B0B2V9GK32,JuJuTsu Kaisen Series 1-10 set collection bundle V,UK,1.77808064,93.42206896551724,40.46,0.0,1.3,15.88,3.5,0.5,19.88,44.506,0,0,57.97,61.36,65.05,0.4,46.85,40.0,15.79,6.39,15.79,True,
B0B3DB4Q75,Dragon Ball Super Series Vol 1-20 Books Collection,US,3.55162536,197.9132258064516,80.01,0.0,1.3,33.65,6.25,7.8,47.7,88.011,0,0,117.23,124.4,132.22,0.4,93.67,40.0,17.07,13.66,17.07,True,
B0B5N1DCJ2,Hopeless 2 Books Collection Set By Colleen Hoover ,US,0.64863656,38.46741935483871,8.29,0.0,1.3,6.54,4.25,7.8,18.59,9.119,0,0,13.47,14.86,16.38,0.3,9.95,34.78,20.02,1.66,20.02,True,
B0CLF3H95P,My Hero Academia 5 Books Collection Set Volumes (3,US,0.94800728,52.70709677419355,17.98,0.0,1.3,8.96,4.25,7.8,21.01,19.778,0,0,22.91,24.82,26.91,0.2,21.58,23.75,20.02,3.6,20.02,True,
B0F38CZDDF,The Hunger Games (Deluxe Edition) Series 4-Book Co,US,1.45603032,55.57516129032258,21.08,0.0,1.3,9.45,4.95,7.8,22.2,23.188,0,0,24.11,26.13,28.32,0.2,24.11,20.01,14.37,3.03,14.37,True,
B0FCFLLM8L,Demon Slayer: Kimetsu Academy Series 5-Book Collec,US,0.226796,62.80583333333333,20.23,0.0,1.3,10.68,4.25,7.8,22.73,22.253,0,0,29.61,31.88,34.37,0.3,24.28,33.6,20.02,4.05,20.02,True,
